id,player_id,pff_player_id,player_name,team_name,position,season,current_primary_grade
cfe923fd-07ed-4832-a2a7-8dd97023bfff,9b7db6a5-9903-4f27-8f7f-cf6925fc9bd7,-1843191404,Aden Willis,Marshall,CB,2025,
b67229cc-82aa-401c-8bce-869e361f0df6,3b45e7bf-4c84-4854-91ee-2867d015da46,-148091063,Ah'Marion Ashley,,CB,2025,
84bb55bb-13b3-417b-93af-bea99104c9ba,5c4c6a19-3714-49a0-9d96-18b6f6b00bee,-1046540763,Aidan Singleton,,CB,2025,
4128d61a-180c-4e7e-8f97-709b66fd45a2,2d8eed93-ef6c-429b-a4ee-9847fab8fe81,-1945087853,Amarion York,Oregon State,CB,2025,
8a29a506-2813-4bf0-999f-9309d55be8ee,44f274d2-ec42-4a11-8d26-8390fd2f0c9b,-1053853828,Anthony Busa,Stonehill,CB,2025,
c4a880e4-0382-4540-ac02-50a869d61de2,4499247a-1936-4ad8-9454-dabe64ae3b9d,-426330829,Ashton Parker,,CB,2025,
ee8f0b66-50e9-4285-840e-d7077462c1d2,9e2ab0a2-5658-4e6b-a60d-f36024d3c447,-729481579,Bernard Lackey,East Carolina,CB,2025,
6f94369f-29b4-45b5-bf88-abfa50d0b357,a91dad9f-28e6-4218-96e6-f9e07b7beded,-661543098,Braylon Vincent,LIU Post,CB,2025,
c52f13f5-ae5f-447a-b335-b1ead0798049,e2dc3783-9ef3-44a6-8129-58624903d7e1,-279778181,Brice Turner,Nebraska,CB,2025,
31e2e041-df2d-41cd-9c7d-758df286e99c,4e027777-3040-4032-a56b-06b19e3be264,-430939447,Courage Ugo,Utah State,CB,2025,
51b93dca-96f9-4a8d-8642-c2aa25c7b36f,8a3a7dce-9655-4ad1-834f-3f730c3c14e4,-1563998700,Da'Marcus Crosby,Virginia,CB,2025,
58e0cd70-dd36-4c20-92c5-be8909e6a6ab,fd182ca3-7c2f-42e9-bbf1-9797a684223a,-1715559043,Daytin Baker,,CB,2025,
54c42467-ee6e-48b3-9f51-f28c8c71f96a,3e467c5c-5812-4b13-8c5e-165c1e830755,-687802749,Demarcus Griffin-Taylor,Louisiana Tech,CB,2025,
101d7ec0-6a70-4a34-80b9-bf2cf99472b5,be1d4203-f46a-4cf2-a922-259bfcc3109b,-1850861189,Diandre Harris,,CB,2025,
4f85f5d7-1378-491d-b2c1-e456f030eb54,b9757385-cdcd-462a-9b69-3e49ef5ee386,-765613939,DJ Watkins,,CB,2025,
97de6de9-efb6-4944-a71f-c9e20dfd6de0,6f1faa1e-a175-4db4-a6e4-2fa79a203e9f,-553055427,DK McGruder,Mississippi State,CB,2025,
77f9069f-9c4d-4fb4-a314-e7e363909dcf,a639a471-e776-42f8-956f-41d4a75c2c81,-748122962,Dorian Mallary,South Florida,CB,2025,
d8125301-544f-4a7f-be65-7bdb987befc8,e64fff88-b970-484a-9253-2f76ed3baf96,-1153038205,Edwin White Schultz,,CB,2025,
2a7d56c4-f05e-4322-a57c-f1eea7a90e9f,c07452cb-8f53-4c39-85ef-2ff974f83ae8,-1105386668,Gary Turner,Georgia State,CB,2025,
493eb20e-2d20-4c44-a29b-f865a520178d,860a1770-e1c1-441f-8310-66a603ac061b,-894816936,Jabrae Shaw,Arkansas,CB,2025,
f59b6ca3-d5e1-44c9-a06a-e1ab4076bca8,d87f10bf-60e9-4687-9870-fd4249ca1e8f,-1379658500,Jacolby Spells,,CB,2025,
89815b16-aaa2-45a4-90ce-552c3832221a,8f18dba6-de59-43cb-b38c-51011396f368,-1050158077,Jacory Johnson,,CB,2025,
49a8a36d-eb80-4a04-a740-c9dcce5a0ec1,0be79dd4-ea29-4b1c-9d5e-2995b443cda2,-1965648514,Jameel Croft,Kansas,CB,2025,
f1a66776-976f-4582-9dcf-dc1991921059,5c1b4a00-73ce-4e61-ad21-6277b428147a,-615887139,James Monds,Eastern Michigan,CB,2025,
34f9b338-e878-4fe5-802f-b282cfe58cb4,a3dae002-e391-4884-b720-6f26378d7467,-1405822766,Jamier Johnson,UCLA,CB,2025,
16fe4bf4-ff41-4f66-aee9-a595494fcafb,aef7ec23-2a7f-48ff-9b5e-8d1a0d5ad3d5,-1412519742,JaQueraius Thomas,,CB,2025,
298a75a9-0071-451c-b050-7d0e0838f983,7727bdf7-0070-46a4-8d04-51f094f2c3bc,-631637041,John Hurley,,CB,2025,
1b2ec4e9-8932-4027-bdb9-fe3c68079fa7,3a84d351-04c7-4467-81ec-1cb58f38cf0f,-164244989,John Randle,Purdue,CB,2025,
a1c0fc9f-c7be-4ab2-86aa-60ba5944efad,fba0e4da-4e6c-4a9c-8882-caf189bcbc51,-1554531537,Joseph McGinnis,Arizona State,CB,2025,
945a8410-9a5c-4916-8ebf-d9a5245eca00,9573bedb-9e9d-44b8-a63b-2cb771ea8bb0,-1555697229,Joshua Nichols,,CB,2025,
02b0f699-d787-4aa4-9a8e-cde66b1eaba6,9b2fc95d-ec13-445e-8d3b-104620b4adeb,-45300341,Kaleb Anthony,,CB,2025,
f72189bc-a0de-4cf5-88fe-0263984d15f5,7a12935a-380c-4e60-88af-09b0c605c4e7,-1137722147,Kamani Jackson,Washington State,CB,2025,
2bc4d523-879f-4a0a-9e74-4ee1b2b1a39b,6e462a5c-c55c-46f5-9d0e-f16a89a9a4fb,-497280201,Kameron Pearson,,CB,2025,
35e16601-d795-431b-b88e-5eb6e38f3376,ddc7355e-a724-4577-abf8-096cc6eba5b2,-1119870796,Keenan Nelson,Ohio State,CB,2025,
548d0d73-4852-4d48-98d4-36bb670f7b8e,3a2424bf-156f-4857-b0ac-d07d47b74f90,-519470595,Khamauri Rogers,Jackson State,CB,2025,
bbb82ccd-b9ab-48b7-bf4f-e5bb036de756,0b804ac7-4162-4956-8600-283ea2792dfb,-939334454,Khari Gee,Chattanooga,CB,2025,
493cea65-c44f-4363-ba4c-35266eef7153,1479f86b-3705-4ab6-8dbc-f38d26cf7bdc,-644770933,KJ Makins,Baylor,CB,2025,
17ed78cf-0d90-4a83-a64b-6bd2da018bbc,2812b113-5666-4bb0-807e-b326995304fe,-934291078,Kolubah Pewee,UConn,CB,2025,
56cba0b1-1606-4d47-8580-8d010227252d,c40fd003-42be-4b2a-b1b2-764f2411b4f7,-1727586555,Kyle Carpenter,Colorado,CB,2025,
805da8fa-62e6-4844-adf9-130b9e512ee9,6feede36-5ca3-4381-ae85-776840d4f3d7,-97707525,Landon Hammond,Tulane,CB,2025,
747beb2e-3cb1-4045-a526-ca0181c91e4e,6859787e-37af-492d-bc08-675b7d80d019,-1230511373,Larry Tarver,,CB,2025,
b0af9302-6bbd-47eb-9a85-428aa13a26a2,0a34a590-0c96-4762-94e5-5592b8992f4d,-119158380,Leonard Sherrod,Wheeling,CB,2025,
0a01089f-c125-45b4-987d-a2da8a198551,37925f52-dd10-4eb7-b368-9f580654baab,-30723075,Malcolm Reed,North Carolina Central,CB,2025,
91d8c061-6882-4cee-b856-a995baddb4b6,e5088ab3-9fb4-43eb-93e6-aedeec7a8e57,-802213639,Markeith Williams,Miami,CB,2025,
32af32b7-82e8-4e6e-afbb-e547039e45b6,40ad032a-93ea-4ba5-ba95-79e57734394c,-420123296,Markevious Brown,,CB,2025,
1790b146-3a10-4d9b-b489-6edf156ddc56,ca37fc93-500a-4036-8f4c-ef59e8946d88,-563432015,Michael Gravely,Ball State,CB,2025,
4b950e40-dc6a-4e54-b01e-2928e1bd6005,6095b1e3-ba87-4c73-8c85-a5beb2f2659b,-666108780,Milt Ferguson,James Madison,CB,2025,
bafab96f-46cf-4067-851f-bd32698ea959,ca252c74-8c3b-4521-a741-182390a362e2,-231159441,Nijrell Eason,UNLV,CB,2025,
c272cf24-fff4-4f33-9656-13e2db2a938d,afd787c4-59ef-4d2e-a44a-ab65b2189022,-617540522,Noah Gibson,Coastal Carolina,CB,2025,
65aab7a1-a619-4e16-99eb-ba732e75c162,5b95a05b-8b13-42f1-b438-22b984ca67f2,-1265129925,Qualyn McQueen,Nebraska-Kearney,CB,2025,
43021a2f-d441-4e7a-85f3-ad35750a4727,237e0e1b-dcb1-45de-80b9-716cfeb2eada,-1693719331,Quincy Briggs,Georgetown,CB,2025,
6547cf4c-03be-4b0e-8eba-5f7a7971d3aa,91588945-ca30-4037-90e9-665b685f444d,-549290343,Richard Mosley,Stonehill,CB,2025,
bef8c622-68ba-4d28-adf5-1015c702b581,f4d19aed-6278-4856-a92b-22d03d6eb2da,-15906633,Richard Toney,Purdue,CB,2025,
7bac2856-2ba6-4068-80db-783e7d120ff3,24e1f5cd-30fc-479f-9b14-8016d7937614,-1742859897,Roger Jones,,CB,2025,
ba260f59-fa4f-4ee2-9a13-ec41e4fa3383,3475ef55-c9f8-42d4-8188-612f5f174638,-1585101165,Sean Webb,New Hampshire,CB,2025,
10f3b86e-f951-47d9-9331-24f19f8f1418,e5715a9c-1505-42db-9a1f-e9a6d0ba2ff0,-63801892,Sentel Simpson,Louisiana Tech,CB,2025,
65f8608a-36ee-42c9-b732-2f05f20c2ed9,a67dd222-223c-40ae-948a-0751c2ccf42c,-875318676,Tayvon Nelson,Marshall,CB,2025,
a37db794-c8d0-4583-a789-a53ca9b75f60,6b2ff981-61b5-46c7-ae15-b0f1b0c63e2f,-998648929,Tyrell Mims,,CB,2025,
c9675aef-8379-46fa-ac1f-e9dbbec5b946,760a5ced-8d05-4655-adc2-896036493263,-4336695,Tyson Durant,,CB,2025,
0e42e27f-ccad-47a9-868a-08af31dc8f17,6f8b6e31-7755-44f0-b7b4-a638df3ce921,-1498124151,Uriah Points,Liberty,CB,2025,
7f303448-9852-4f7a-affe-ed1a2145aa9b,115b627f-e078-4984-8385-6a95a11355b9,-573294846,Yasir Muhammad,UNLV,CB,2025,
4d8d0964-56e5-4c7b-bb60-56e307dfa4e7,76ac8401-7691-41aa-a70b-84c3cd817e2e,-1186102087,Zah'eed Pierre,Eastern Michigan,CB,2025,
be2966f3-267c-4199-bf23-444590fd48c6,0ea47bb6-7989-4165-8d3c-3eee61c42dd1,-51795281,Zakaa Brown,,CB,2025,
9af905ef-7352-4168-b416-fd4174278dcd,f109267b-ce1b-4241-95e9-0855cb480302,-618904426,Aaron Armitage,Florida International,DL,2025,
73810c36-afab-4b26-aac1-0c89c44191ef,3557bd67-7f4d-44a2-9fdb-255781a1f91a,-103996342,Blair Alexander,,DL,2025,
babc1fe7-3560-4c24-8d02-2af454beca93,5aa4ac1e-ddb2-48b0-963b-40d24360f0af,-380397841,Branden Palmer,Georgia Southern,DL,2025,
680088e1-1d5c-4bdb-b484-ddd593e54f53,3ec82629-dbba-4f21-9f87-0409cf6c46ec,-643555595,Brien Taylor,Florida,DL,2025,
961b5695-d782-4ab6-92d1-770318e8fb1b,8a30bad7-3774-4cbb-acca-0222e3b87774,-569621011,Casey Fua'au,,DL,2025,
5a9ab373-8c13-4bd5-a610-35e375b5dfde,5eeaaf5f-2c1e-4a39-811b-76e217497cb3,-1592369396,Charlie Leota,Texas State,DL,2025,
6832e415-e3f8-4e7a-bedd-3e16b8272821,4128f046-c393-442c-93ad-9a7fa9b85369,-1805748837,Cole Sigler,,DL,2025,
ee78844a-646b-4149-98a2-295b8eae295e,741b489a-d558-40c0-abce-38ec444b69a6,-291164246,Delano Brown,UConn,DL,2025,
7b7e32c3-1c26-4b7c-81d4-4df1d4153882,5c734183-50f4-48bd-a057-c6914f7e9e95,-279242698,Dinellson Exume,South Florida,DL,2025,
bc5fa147-93d0-4d53-83f0-f13975b83ed9,f78af535-a962-4437-b31c-420ee539ee75,-1067633727,Donovan Nevils,Memphis,DL,2025,
21ad9071-b40b-45ab-b993-116d603ddfd0,8adee5af-55f3-4f98-822e-a1b44430c136,-848606091,Donquarius Parker,North Carolina Central,DL,2025,
a30ddd9f-4fb5-4ace-8f65-677b63832c4d,a4225e6c-5ccb-4757-9d2b-f0b0de4b9134,-998956206,Finn Walters,Indiana,DL,2025,
6e9e6df3-43a6-4b9d-8fc1-e96b813325e2,034988b7-7b21-4948-9757-67c08e35cf04,-1409458929,Fitzgerald West,Louisiana,DL,2025,
8fa598b7-0cb0-4ae2-9448-3e43e73edf47,6e2c505e-8237-4495-9f70-872f002b704a,-633683326,Henry Hicks,Elizabeth City State,DL,2025,
8607a0cd-9c80-4f21-ae7d-c450b9da59e7,8df27c3e-9e88-4c94-8af4-b1c75e89f8c8,-1121069892,Jack Dunkley,Duquesne,DL,2025,
f27d91ac-41a1-44e3-a19f-2d7b429b1474,3bb804df-ab31-4585-a657-71f5a65b39e5,-387902840,Jack Metzler,Fresno State,DL,2025,
3b40b47a-2c67-4884-bf4b-bf07a96035fe,b18d78f7-e3af-4fff-a851-1d9fe2132f9a,-1697669364,Jameil Hamm,Miami (OH),DL,2025,
705f87d0-b4bb-4e56-b673-66be63755a68,1c1ccebd-7132-4a91-8b6e-17c09e9df36f,-1902183291,Javen Johnson,Coastal Carolina,DL,2025,
b618a2f7-9cf9-4e67-83b9-996e15a31dc0,ba43e888-c498-4283-a1f6-f8bca4ae9806,-74717416,Jaxon Lee,Tulsa,DL,2025,
e131a083-72d5-4b45-9f4b-f83f3cce8448,a2d934ba-474a-492c-891d-17b2def91a6b,-1164534638,Jerald James,James Madison,DL,2025,
b74b85a7-35cb-4169-b5f8-0dde80567839,bfc7fce7-722a-4974-bfcd-b59a320c0388,-416612509,Kavion Benton,Memphis,DL,2025,
eff98d9e-a268-40c9-b76f-3bfc53cbe126,ea94d186-2f2b-469d-969c-03c865be2002,-1221376860,Maxwell Roy,Ohio State,DL,2025,
251ef06e-0f40-4a5b-9fce-3e071c187d45,8eea2750-ce61-4bb0-8873-65e2af6e31e6,-919058694,Nick Norris,Oregon State,DL,2025,
e2325621-11c4-466f-8d98-1d374dcc6309,4f4ff652-31a7-4a10-bc7f-23e1686e77e0,-1952633650,Nolan Korzeniowski,,DL,2025,
782f6c9e-d9ff-427a-bff4-959a8832ed56,aba21f30-7e30-484b-817c-a7dfb41957ef,-148680890,Nykobi Brown,UConn,DL,2025,
fea243c1-6d54-4894-84f7-91ecbcd468db,542e82d0-234a-4cdb-a656-e3058e18d4e9,-350040326,Sidney Dupuy,San Diego State,DL,2025,
4030be21-81bd-42b6-ba4d-2b30c54ecadc,8fc46549-06c8-4b41-8f08-9b342766e02d,-1243439591,Tiumalu Afalava,San Diego State,DL,2025,
c1f56e54-ce07-4ad2-8cc5-2844fec25392,44056732-be34-451e-84c4-7515145fb798,-1883736287,Tonga Lolohea,Baylor,DL,2025,
6078e600-e7e3-41c0-bdcb-66bf59a9f550,5c9f0c7e-b005-4b8b-a511-1b6b6336341b,-91428049,Xavier Esquillen,Savannah St,DL,2025,
725f5d1b-8662-49bb-a6d8-8ad9e6997537,147ffeb9-80a8-4f01-bc9f-c2ba775360d1,-1384817976,Alessandro Perez,Texas A&M,EDGE,2025,
4faf1f1c-f12e-4e5f-9953-436b123ea9d3,2a4e1901-59c3-412c-9e47-d502f749f134,-24957934,Axel Ramazani,Wyoming,EDGE,2025,
67ef505c-a472-445c-85e1-1c198690bbcc,c395d06d-e8f4-459d-a0ec-bc1ffd7147d0,-965900253,David Ojiegbe,Norfolk State,EDGE,2025,
473e2ed2-9c9d-4d70-9eb6-c651909c5618,064441b1-e887-46df-b4e7-0764331f6a28,-497617172,Dylan Brooks,Kansas,EDGE,2025,
99598a0b-001f-4d34-aa47-8b75298dbcc4,b8b9231d-41a4-4cc4-b9c2-bdc097426ad6,-1415614997,Gideon Herbert,Arkansas State,EDGE,2025,
9888b00b-024b-475b-af68-c7d459e70c91,5a244536-222b-4c0b-b805-ce528cdea394,-1256885128,Iliyas Fuavai,,EDGE,2025,
6d2a157f-0a39-4c50-933a-693bf1f362b8,4b43e5a9-b7e0-4352-963f-29e8c1c3e960,-132949761,Jayshawn Ross,Kansas State,EDGE,2025,
fae297b8-8ebd-4971-98e0-1f5f59361837,3c267245-dece-4cf0-8651-5496759b127c,-1937320295,Jermy Jackson,Texas State,EDGE,2025,
3ed65a8b-274a-4961-9d87-fd85bac15d82,9f2546ec-582e-483c-b042-2d7304774cf6,-249731295,Jordan Buckley,Western Michigan,EDGE,2025,
262a82ce-4d43-484a-9ad8-db1cb9889c7e,17f9fe1b-8bdc-411a-8560-4218c882a6c8,-154493724,Josh Dorsainvil,UCF,EDGE,2025,
6c626b97-685c-4eeb-8366-59bf3d7ddb8b,aafc27d9-df8c-4d23-981b-fa290c950565,-1236660058,Keenan Eck,West Virginia,EDGE,2025,
2a63e948-ecc0-43e1-a5d6-7ba23db30e3d,cb35647f-ef22-4e5f-aec4-18ed5890a316,-326605864,Lawrence Falatea,Utah State,EDGE,2025,
47e917e9-23f9-49fb-8f71-c926fbbb1029,1abc4984-8019-4227-83e2-4b32f921787e,-155798052,Mali Hamrick,,EDGE,2025,
1ba776ce-9eff-4325-b79e-0eeeb674db4f,c8fa8593-0f48-4f61-8b76-b8b2871913a5,-1306056462,Whitefield Powell,,EDGE,2025,
2dae46b6-0a39-43da-89db-a6887d95d96f,93e683ad-e357-40d5-99e8-f8c20e56c6dc,-264746099,AJ Roberts,Stony Brook,LB,2025,
58a8d444-b15c-4b01-910d-6300034cdd76,e379ac3f-5525-4c1e-9895-bd788974b870,-1797297463,Benjamin Hudson,,LB,2025,
376772fa-4011-4684-acfe-eb9949b69980,7000940b-5f1d-416a-be61-f46ae2bd9277,-1959761577,BJ Mayes,Purdue,LB,2025,
118127c6-3a41-4247-a5af-d5ec70002b91,14009e35-ace4-4487-a0c3-d26ff25d8476,-1881874257,Carson Dean,Purdue,LB,2025,
9e5d9266-8b79-423e-b1c0-39490e92d96f,218b69d4-9937-4b82-98b8-64ab0543c4bb,-458613436,Carter Herriman,Eastern Michigan,LB,2025,
8d655306-988a-4173-b6b6-dc0208897fd1,1f3c163c-24c1-4f90-a7c5-fcc1bd7240dc,-1247016127,Chase Bogle,Arkansas State,LB,2025,
532d8f16-3b97-4e0d-a572-899b46075802,9aa3fc33-3858-438d-bd2c-847a3e60e615,-1880927697,Darius Thomas,Oklahoma State,LB,2025,
4c9a25b6-ecc1-472c-ad7c-c08b9a72ef4b,1d44da10-fc77-4415-ae62-ecefa17ce407,-983423722,DeeJay Holmes,Ole Miss,LB,2025,
79cd5253-9034-430e-bd40-f6df4274970e,68899adc-3d55-4ddf-9cb6-7d4520e2c9f7,-522327561,Devon Anderson,Central Connecticut,LB,2025,
fa417494-01a8-411c-bfe5-1358f8f1e767,db388cd8-e4d0-48f0-b20e-0f3ae7ee680b,-1096672461,Devyn Curtis,Arkansas State,LB,2025,
3f407d5f-9336-4a20-9831-a462c94ccc3b,df3c135e-69d1-4c4b-af3a-e8d446c94e01,-1851136606,Donelius Johnson,Kennesaw State,LB,2025,
ff1e0f7f-46df-4197-a553-d357b7dd79bb,733e7f55-1f19-4943-bea8-73fa89d41257,-578916002,Gavin Taylor,Central Connecticut,LB,2025,
509ec774-db13-4979-aa39-a4a8b8c64569,bb4563dd-14d8-458d-9559-434e70b0f10f,-1771429652,Issac Covington,,LB,2025,
a9c692b1-51fe-4488-a206-0fff625bcbf9,325d78eb-d4ca-4ff7-ad5d-3ef25df1267b,-1887561344,Jackson Hamilton,Georgia Tech,LB,2025,
f66b1a6f-8818-42eb-b36c-b9766199cfaf,2eca6696-cfe0-4212-a2c2-11f5ded8ef0e,-380338988,Jarrett Reeser,Boise State,LB,2025,
fd04589f-be81-48e8-8b91-82e3b0e5643d,fc508a7c-974d-471c-b765-1c0e21b9273e,-153374887,Jaylen Blackwell,Boston College,LB,2025,
7d9057ed-cbd9-4304-8076-c5ce70614e74,dbadff02-00d8-4e61-8125-56c2c71f8f02,-657770043,JJ Okate,Charlotte,LB,2025,
e6bf8939-104a-48cb-92ca-83964e779634,9fa22723-0788-43a8-aa9b-22ec5443f9f3,-51107973,Jordan Shuler,Air Force,LB,2025,
ba8b08f5-3df5-4b99-b823-569d9defd6d3,6682e114-d31d-41f7-959b-45b6b4e07e0f,-1953115147,JT Kouame-Yao,James Madison,LB,2025,
75a2a613-b9a7-499f-abd0-8c46e2b17466,5d69ef69-bca8-449a-9193-c0088abf7579,-699341012,Kaidon Whidby,Liberty,LB,2025,
d98586fd-bb4f-4624-9592-e3e7cbc1f39d,34dfb5ee-20da-4550-b158-f3879483ee05,-1558916926,Kam Weaver,Troy,LB,2025,
117671f9-1090-4e32-a3d0-657957dc2c57,af47cac6-fe05-47a9-8bdc-c5bbb6c5fb53,-722726726,Mihalis Santorineos,New Mexico,LB,2025,
31f229bd-c871-4876-9d46-9cc829152526,4f5fae55-bae5-4502-bdb3-6739b78bb221,-1750039144,Sampson Alofipo,,LB,2025,
3240bd87-f51d-471e-ae7e-8f2330cb1784,f3dbabc8-4786-47aa-832c-6aff497af5b8,-75238522,Sekou Roland,,LB,2025,
eea56ed4-acbe-4f44-9fb4-ae98d8483159,3af94bbc-a893-4ede-a7a5-af75c6637931,-228590717,Taeshawn Alston,South Carolina,LB,2025,
48dece02-4c98-458e-a7a1-804b4aaa3826,4982969c-7766-4efd-809b-61fddab8846f,-388561696,Talibi Kaba,Rutgers,LB,2025,
5c954f30-a729-4e8c-8262-27151687f930,08ac93d6-458e-4a68-8b7e-fed42a289109,-192633107,Trace Meadows,,LB,2025,
6223df53-543c-4ffa-a189-6f6dc59bdb96,c7e2be3d-dbea-40a5-baff-81880ea57432,-1003038868,Troy Ford,UCF,LB,2025,
b306c19d-e968-47ef-8b91-3fa4f0658f92,b59ced29-f794-417f-b938-562877936ccf,-382799027,Ty Howard,Ohio State,LB,2025,
3889a133-6bd7-4c7a-bb6b-e2fcc1994acb,70575fed-0454-444e-8e91-2bc4598ec7fb,-213703339,Tyler Cain,Slippery Rock,LB,2025,
2fcc87f6-e811-4e63-bf42-58650c5fe400,4cb64502-4bda-4fbb-8529-9d5f7ce9a4ea,-1834406869,Tyler Prasuhn,Arizona,LB,2025,
eed55bc2-4707-4f4d-85f4-44444dd12299,390095d7-c52d-4507-bd59-8e44a5616cf2,-612881003,Zion Fonua,Abilene Christian,LB,2025,
6ca6cd52-9ee0-4d04-8674-d57a9983457b,14ac4876-bbb3-40b6-b80f-b6444bfeae08,-1462042307,Zyion Freer-Brown,Dartmouth,LB,2025,
d72fdb05-2bce-46f0-9481-dd2479d7cbf0,282e5a92-36ae-4139-a1f9-15008c6dc2e7,-709538153,Adrian Griffin,South Alabama,OL,2025,
ff38c5fa-9c18-4e4c-a649-3fa283bc1156,19f60c73-8509-4f24-982b-da4a3ba391a9,-835443439,Aidan Johnson,,OL,2025,
bcac8957-9cbd-44a0-abb8-f0065e6b5ca4,4553cd9d-1c52-452f-9873-5859393933a2,-1341185286,Ailama Morton,Nevada,OL,2025,
0da6183e-83d9-45bf-b532-9a5d96288353,1af29693-91a7-4fd9-8e05-de3a246abf70,-841241686,Andrew Threatt,Charleston Southern,OL,2025,
c31fd01e-4e6d-4562-8bc7-af087a49bc97,11653724-4d65-4aaa-b470-24f5e43e44d4,-1256408031,Antonio Tripp,Florida International,OL,2025,
9be23c5b-da1c-4d41-83b6-0093e309cc3d,761528e3-2bc4-4974-8405-3d91bb9f11bd,-702130257,Bo Blanchard,,OL,2025,
1a27c0d7-6fb6-4c12-a71d-77c7af2bdfa0,34316e2f-f11a-49a1-a762-b73a04e9ba37,-76925419,Broderick Shull,Auburn,OL,2025,
76a3afc7-74d1-4389-a45b-37c1b80857f9,ab7f6d59-b311-438b-a515-7bce61e4e302,-192861396,Cal Grubbs,Liberty,OL,2025,
b264023c-fa12-4f70-bf4f-cba67d8e0f5d,f7b3ae1a-89db-44da-9ec7-fbd2e6c4f1d2,-291429617,Cooper Lovelace,Colorado,OL,2025,
ddc1f245-bec6-4a43-bcbd-d4c5b84d3266,4b2b1707-d9fd-4b3f-a1c8-6ddacc7db2ac,-333451771,Daniel Mincey,UAB,OL,2025,
7c492a49-295a-49ee-9e53-34ac088b4a28,6398e8de-8d50-4c5f-9dd6-787618a5a915,-1138346280,Denell Nix,App State,OL,2025,
5adbd01a-7e46-4bee-bed0-b58a3c6cf2ff,1faf280f-e217-4546-ae39-effc045a87f3,-1535477059,Derek Jensen,Iowa State,OL,2025,
8a628ff2-c57c-4023-82ea-17b08868897a,a568ef1b-6a1d-4d79-9b6f-8d2b4fc9d330,-44563442,Desmond Jackson,,OL,2025,
1059b6f0-a33b-4b3b-9f46-94947787c027,961c0c5b-b136-46cc-bc98-b91e025a8071,-1092057406,George Silva,,OL,2025,
fa41d97e-d214-4cd9-b5e7-4970a7a48516,5b73ef50-78fe-45ff-815a-8d40ab82ed87,-717436094,Greg Klingensmith,William & Mary,OL,2025,
2c8a03e1-e9e4-4de3-a646-1ece34ef70ca,d3f623de-8900-40b1-bea2-189fd00cba61,-1802007202,Henry Harden,Marshall,OL,2025,
f8b8596b-840e-42d8-a000-5ba1e9715eae,112bc6b4-bb7d-448e-89c8-8d2981bc7ca8,-1500003450,Hunter Albright,,OL,2025,
566687c9-7fdf-4d2c-9ac9-7d1466e47f14,527027c4-6be9-4538-9d97-7d9ce5288840,-1323104238,Isaac Rue,,OL,2025,
5a08b94a-6d9c-42a9-95bc-e65f1ae7c4e5,eab746bd-e5a2-42e8-b1d1-a351dc9b5ab9,-1127311671,Jack Hasz,,OL,2025,
de2097d3-d86c-47bd-aef1-17a065249812,fbb24023-a12e-4207-99e5-2044e5e9c00b,-1167178976,Jacob Hohenshelt,James Madison,OL,2025,
aa465e0e-434e-46c7-9f10-1d47221dc432,0581b00f-e7eb-411c-9005-fe5c49981a8b,-484947741,Jakiah Leftwich,,OL,2025,
0c5b1d87-f22a-42a2-bc9c-fb2996dd2d1b,985978ba-2a15-490e-b2ad-aa976035c9dc,-174834327,KJ McCou,Tennessee State,OL,2025,
d3e78675-d0ab-4d69-9a54-87b772d32ca6,f8754cad-de9e-4eae-bbb7-1752f18a4b8e,-1718670208,Kyndall McKenzie,Memphis,OL,2025,
f26afa54-f6ec-4141-839f-8b7b8b8b6ff8,caf987a8-05d0-4114-83d5-6109bd19e8ff,-146183765,Marko Luera,New Mexico,OL,2025,
333696d8-7a21-471c-aa88-14c69a85c885,210ec89d-930d-42a8-8fa4-8d7b692748ab,-1469127045,Mason Chorak,UAB,OL,2025,
ddcb9c33-53ab-4605-9535-8d78fe46d090,b2375c3c-dee1-4356-b213-2ddb3191b6fa,-152650980,Mathyus Su'a,,OL,2025,
ecd625b6-bf29-4df6-ae61-66e13dfd3542,bfedefa7-2506-4aac-8e4f-4ce0739369d1,-1173230799,Maysan Neubauer,,OL,2025,
24f52c64-9299-4fcc-85a4-af421afccf8a,14eec35f-e472-4e81-b832-a900337b923a,-713269255,Mitch Verstegen,Indiana,OL,2025,
ede199b7-622e-4680-9ed3-df58224f0fd5,af1e2cbb-20c7-4122-b3d3-498851ef6418,-1913295016,Ni Mansell,South Alabama,OL,2025,
cfd2c580-41f7-434a-b2f3-744744110ae1,b00424d2-f9d4-43cb-95e9-9cba1e2ba325,-547019477,Nic Reeves,Temple,OL,2025,
512a2e7a-617e-4451-981e-205570424f30,1ff24a77-fedf-4de8-a5bd-1f808e81ea32,-250344843,Nick Dalessandro,,OL,2025,
b8f3661d-8284-48d9-bdb1-fa4fdb72f266,6754d07f-7bcd-4e15-b057-9a75dc2fae25,-256157623,Paris Patterson,SMU,OL,2025,
cb06521a-6192-4847-9bc1-3a4b80a5a47f,32c2d2e2-b65f-4222-91f6-0fbcacd4d15f,-1969985533,Paul Tchio,Massachusetts,OL,2025,
cbed5662-9cda-4f1e-ac8a-8ec9382d66d3,cd4e3d5b-39f3-4df1-a1ac-1623431c01ac,-1898350041,Ryker Haff,Oklahoma State,OL,2025,
25c1d4c4-d2b1-46f2-87ea-96bc26929809,4ba0a774-bf3a-4f99-af5e-5733f4e9e32a,-1357894447,Sam Browder,Memphis,OL,2025,
c17e44d6-03bc-4f5f-8449-1a5196f773a7,764e585e-875c-4f72-94b5-14cb0f8633ea,-973730787,Sam Riddy,,OL,2025,
133694fb-c39c-4b3c-a2cc-c16a2c8f8a7a,f880b1f9-5377-4731-a250-fa9de6c9adb6,-1066628815,Siale Uluave,Arizona,OL,2025,
32702971-8559-4aba-aa2f-3bfb47dcf228,593044d1-5327-4f10-8c46-22a63a646dbb,-1647715836,Syris Corley,California,OL,2025,
6531d9f1-4ab4-494a-af18-e040cf4ec832,3366966c-ebe3-4f97-bf1b-f1b1cefb979d,-1356698493,Taccofah Lewis,Memphis,OL,2025,
2f56b02f-0594-4f02-bb1b-d0069e4f69eb,839b1a1f-39fe-4b6e-aabd-9e674350cb26,-1512531278,Tanner Rinderknecht,Northern Illinois,OL,2025,
e600b7d7-6db6-4be9-b66f-2fae8a3e7a31,df2494a9-698f-4bf5-8bf2-e46f9b4b25a3,-1950969182,Terrence Enos,Kansas State,OL,2025,
b8d2ceb2-f70d-4100-9caf-c9fb23ccbce9,468bda00-1cc2-44e5-9dc1-94861065685f,-118314127,Toluwanimi Tunde,UConn,OL,2025,
e89b507f-8638-4b15-8867-99e8c905326b,cd10c3b2-f82e-4f9b-9c15-081eece65f6a,-565275842,Travis Gray,New Mexico,OL,2025,
e6b85687-b0a2-456c-9303-34b536e6e302,6ab0c041-9d89-4019-aa5d-44c5cd1d1e0c,-1242248664,Walker Andersen,Colorado,OL,2025,
de8e129e-8a75-45e0-acc6-1e3a8c64b6f6,b1a7d194-6e21-4207-a57a-78e9fd53a565,-1136917586,Will French,,OL,2025,
87053e28-542b-4400-a722-26c98524112a,a3497b9f-f526-4762-a0bb-b0a3e49166f4,-801323337,Zechariah Owens,,OL,2025,
e70f088f-331b-4531-af6b-9880a48100d8,b0ce5c65-c8f1-4439-9442-562d8157370f,-922937527,Zuri Madison,Arkansas State,OL,2025,
56e4f109-32ca-454c-8249-e785c12bb53e,f6e15164-fb75-4abf-9197-4a39c46afbab,-216496124,Zy'Terrio Lee,Campbell,OL,2025,
e8dafe0a-8b69-4688-a33c-e4235db7301e,5706a50e-8aee-4d07-b50f-ca76100f94c6,-1836434391,Aidan Glover,,QB,2025,
03b4979d-514b-43e9-bc8a-4b7afffc32c4,867f638d-0802-4d8f-b938-2d917a06d60d,-1064263287,Andrew Body,,QB,2025,
df59e34d-27bb-4272-af8d-2d03d09b09da,2df3ea66-4bfd-41cf-b460-b869592189d8,-159873751,Braden Waterman,Ole Miss,QB,2025,
8058d4a6-d834-4e9e-b546-0e79d922acd0,12173798-c835-41a9-ac4d-798576d2762b,-1092623611,Brayden Turner,Fresno State,QB,2025,
c63f1555-b327-43f4-a7a8-93dc2e679aa7,5d3c6efd-8b08-4e2b-87b3-280adc6f7e36,-1700565499,Christian Hunt,Arizona State,QB,2025,
7afda8f2-7098-41a3-a9d7-08bec8cf1e7a,a52823b4-65ad-46c7-868d-d0109bb51b37,-694222159,Dalton Anderson,Washington State,QB,2025,
ce51ad96-840e-4fe5-971a-1baca0f338b0,abc04189-da58-43dd-953b-68cb2faef104,-1723303046,David Lynch,,QB,2025,
b377b68c-177b-42b8-8974-634a57792b4e,b050ac75-7f28-4507-8256-5db94d7c071e,-204290227,Emmett Brown,Coastal Carolina,QB,2025,
3531e699-41d4-4678-b9b1-999ce18caead,70ef5bc9-32b1-4090-ae21-354d145a6642,-371122053,Grady Brosterhous,Virginia,QB,2025,
01452dd9-3f99-4b04-ba72-20c6d92dec77,43a9334d-17fb-4891-836d-12aa91a3d0c3,-665315248,Jax Brown,Arkansas State,QB,2025,
73489cc4-a175-4186-b40d-a7616052b37f,f77bf9da-6e63-4088-b916-545ed9f0f07a,-2348281,Jon Hunt,Coastal Carolina,QB,2025,
54d520f1-a003-4504-9ab3-bc5af4fb98f5,1967f4ad-e473-49af-8973-5800236d3539,-942014160,Kasen Weisman,Florida Atlantic,QB,2025,
bf3324fc-6d90-4259-9b22-8f87f0b49fbc,53121621-a5c7-4721-9cc1-f99c337b64f6,-451829550,Logan Inagawa,Drake,QB,2025,
7b1c744e-7954-48cc-b81d-4bb0af907ff2,7da307ab-5545-4a3d-b794-3639d56f1e87,-350581737,Matt Ivaldi,Fordham,QB,2025,
b53d9b82-482d-4945-b3de-37c4e05fd44b,ab96491c-88c0-4056-8534-39ffaee5d534,-1674863716,Maurice Smith,Chowan,QB,2025,
781cb1bc-d4d2-41ed-a568-70743249fc93,ffd2709e-784a-4ea8-ad0b-1f4ee05aebfd,-1109081807,Myles Jackson,Stanford,QB,2025,
6aee7b8f-775d-4470-a9ae-e4ebe4b25780,1e5582a6-4d8b-4620-8f9c-1404362ca6a0,-1207473726,Patrick Keller,,QB,2025,
19a83899-a272-418f-a439-8c32f246706a,71150b7d-bd75-4d9b-98f7-b994a5563b50,-170370814,RJ Johnson,Florida A&M,QB,2025,
2326c6bd-c927-450f-a435-46bee7d370e0,1f3334fc-c5d0-4c28-99b6-e0ba55fe705a,-940046113,Ryland Jessee,Michigan State,QB,2025,
6180c9fb-e8c8-4826-859a-257270f2b6bb,3f755743-0fe1-4f78-b081-97196917f6d1,-29765846,Stone Earle,Abilene Christian,QB,2025,
d8884ec4-6c42-4d66-993f-325046ef339a,c9fa5c95-ac7b-45f0-8efa-efc866446c98,-663644668,Ty Collins,,QB,2025,
4bf8813f-4a0e-4e4c-91d4-f2abded27adc,f3f13457-5dfc-4305-863a-9f92eb65b85e,-410780298,Tyler Aronson,,QB,2025,
e7a6ac37-29c0-4b41-bdf9-07a8f380a533,6f006806-c823-4fc4-8888-485017f62f41,-198685764,Zebulin Kinsey,,QB,2025,
8c0deaba-4fee-40ce-a29f-874ddf44cd0e,40a19d5b-2992-4f9c-a7b2-95b9366bbab2,-1733084561,Albert Kunickis,,RB,2025,
13825495-8061-43f1-8c12-3a7f173faf43,cc0ba5e3-9265-476d-9f9f-ef390f1e930a,-1403513347,Brandon Johnson,Northern Colorado,RB,2025,
3322a8a2-824f-4679-a53d-ff3610a19225,42ec2663-2c46-4130-a465-628dcae7dd73,-49690882,Dakarai Shanks,,RB,2025,
023694a4-6202-4e57-9dd0-5fb32fc9f9d3,8ec41c8e-127a-4d80-926b-c2c676788e12,-1627234078,Daniel Coles,,RB,2025,
2759ec70-9725-45ad-a2aa-c9d5b07486fa,a35d1c88-9599-400a-844d-9d8062759057,-932223948,Derrick Carroll,TCU,RB,2025,
829fc0cd-a761-4b82-8126-8e8fff5ed793,433be49f-a2df-4799-a6ea-12c11f36adb1,-690374959,Derrick Davis,Pittsburgh,RB,2025,
93a36634-5c30-4b0b-af93-dd864fd1acf5,765283bf-f7d2-4127-ab1d-ede051c7f9bc,-42232473,Domonique Thomas,Ole Miss,RB,2025,
b6936cb3-8951-44d5-88ba-a62bfd8a1bb7,b5131374-3ca1-46bb-8b0a-842d0f8c5978,-1060059641,Donald Chaney,Charlotte,RB,2025,
39d485a3-f0ed-4a7e-86be-e6ad0854781c,2bf05c54-27b2-446e-bbd8-7d971776def9,-879023365,Dorian Hoze,Nevada,RB,2025,
9a44b516-ee0c-4e46-97be-97ae871f84c4,6a8fe08a-a0e1-4092-b95a-ff1f93554915,-952866195,Floyd Chalk,,RB,2025,
4f3d2437-6570-45ba-8ffc-c36848222065,3d777367-9e40-4cc9-96fd-e2c13c18b8c5,-1679814503,J'Shawn Anderson,Georgia Southern,RB,2025,
b70aa1c1-b836-4400-a34e-3204bce9c7a6,50ef90c7-9cc9-4d2e-8d55-8210055770f1,-819517260,Jamie Felix,Georgia Tech,RB,2025,
ccf8c0d0-3dce-4bfb-8647-6dfe21a38d51,f9c5beff-db62-47af-8640-9f4d7fa58166,-1839663315,Jordan Barnett,Shepherd,RB,2025,
14a49809-8c09-4278-85da-00dbaecbb0a4,f00d5eed-a499-47f3-8067-a6af5b14078b,-488042099,K'Wan Powell,South Florida,RB,2025,
c06926a9-2100-42f4-bf38-baef875cb4c2,c300bc3a-5278-4f4d-9e24-13105f555a99,-1840656555,Kylin James,,RB,2025,
28c62012-044b-454f-96e1-098feae11fcc,1c0ff807-3913-402e-88e0-0c2f1bd29a62,-844776191,Mario Robinson,,RB,2025,
2bdc4925-f4d9-48b0-b2b1-ab173f94ae7b,73856a93-e47a-4b55-85eb-079f83aef11b,-911425146,Moses Gray,,RB,2025,
7c77c840-bed8-48ab-b8ee-8d925876ac2a,921b925b-5afc-4198-8c45-1f78a28b98f9,-689878575,Ozarrio Smith,UL Monroe,RB,2025,
0828928b-e5c6-4683-8948-e7434d8eb655,b02fc5a6-7013-4c57-8bb3-1e26eb3e4782,-305557832,Pokaiaua Haunga,BYU,RB,2025,
24e0bf28-1268-4fb2-b913-963d42f32010,5ed6ae9d-e898-48ca-8fa9-eacc308f395f,-1259149258,Ronnie Crosby,Texas A&M,RB,2025,
ed76c017-83cd-4064-8c86-f72f59caac05,4c888d58-674e-4e06-852e-c98e91fcdcca,-967741936,Taj Hughes,Drake,RB,2025,
4fa1cf2d-fef9-4969-876b-af4ddf9cecf8,ffeecb1a-b08e-480e-877d-aacccaa71803,-815359832,TaRyan Martin,,RB,2025,
7dcb01bd-8a1f-45fd-8bdc-ec41cc05aa57,798db69e-1cae-4a55-bd1a-ab0e11a2bcea,-1472067563,Tito Glass,Miami (OH),RB,2025,
374ba1c4-3a1c-40e1-b9a1-69b1734e13a1,f5267c50-8505-4444-be3e-83f1a622e97d,-530376741,Travon Pankey,Washington State,RB,2025,
fff9742f-6e06-4cfc-bf23-4cb6261e6b7d,daad632a-0ca3-46c0-ad0a-940bb52e3610,-1527998220,Trey Tremba,Army,RB,2025,
19f8f06a-0fdd-4885-abf4-8414c1447ec2,102ba6a4-f7d0-4be0-8d5c-1f4c58e469dc,-1589567555,Tyrell Reed,UL Monroe,RB,2025,
06ed9c47-16ea-4f51-87db-a8937e3c21f6,fe8a5d31-e4f1-458f-a30e-f791741f4396,-736428743,Anthony Robinson,Ole Miss,S,2025,
96156ba5-d22f-41e9-b41e-bd2167051b9c,51c36c94-d1c6-44e5-9c5e-8af732093144,-1409441121,Brandon Jacob,UTSA,S,2025,
b1e38524-7026-491f-b786-86043574e423,5695a1d4-abf6-4646-a190-7a56004f842e,-845059804,Damani Maxson,Kansas,S,2025,
ce6a079b-5408-41d9-92f6-40bb7b9bb01b,5def3f45-1f86-4ecf-bd37-2cce7320c20c,-1312051773,Decari Prater,Tulsa,S,2025,
84585604-aecc-4342-804b-7563135e617a,b52b1e33-262d-42a2-9cb2-795879af842f,-209565466,Demarcus Baker,Arkansas State,S,2025,
59ba4002-8bb5-42ce-a4c6-3d247e54143a,5d0ee2e2-e372-46a7-bc06-0a68eccc82f5,-689738784,Jared Douglas,Middle Tennessee,S,2025,
94b8aabe-04f2-4d72-99f9-ddd3a2c9bedf,3449e74f-e142-4ae0-8566-7b602c57e1df,-1925591720,Jason Mitchell,Western Michigan,S,2025,
013938f2-f9f7-480d-8e05-f917c524e828,a3c7fa3e-0a00-4db2-a398-8b3bb04af9c2,-1910125630,Jaydon Smith,North Texas,S,2025,
40a892ca-96df-4ac9-9065-2d7ae3b245f2,1d217c29-4f8f-4bb2-9f0f-7ac6af054241,-1175595221,Jayven Anderson,Houston Christian,S,2025,
e6efc484-5f1a-4774-8cfa-4e681392bf21,723ae7fe-ad40-4779-9e12-27b3189e4512,-1335858897,Josh Lair,,S,2025,
40bee14d-74d2-45fe-b6d8-ce888cf581d0,9c597e32-3637-45a9-94f5-61081327dd3c,-929765634,Josiah Dye,Southern Utah,S,2025,
7b8afa42-708f-405e-b12c-bf99122bd44c,4e98234b-70f1-4a39-877f-c8585131eaad,-436894787,Lamont Payne,Penn State,S,2025,
186851de-5322-4a63-9f64-3a0f0f878ba1,868081a9-49d0-4bca-8714-b6efa1f4e4d2,-956202135,Nash Burkart,Sacramento State,S,2025,
fbe7d843-5d38-4f1b-9933-75a532d653ee,c1274647-eccc-4cde-ae00-55f5015b8dd5,-1746622490,Phillip Harris,James Madison,S,2025,
500d6a69-44ff-4a77-8483-400d4b96b2ad,a66851b5-374d-42f9-a28e-0104e784fb18,-1175402716,Ronald Olibreese,,S,2025,
bf810e94-1337-42dc-af37-88a2ae75e6f3,13fe1cd0-a015-4d5a-b739-f638af078918,-762207704,Zavien Bryant,Temple,S,2025,
95d161c4-4db0-4be4-8994-e33d3047cd97,9c7019e9-51c7-42bf-a632-ee032b209497,-857606899,Andrew Savaiinaea,,TE,2025,
1ce2d3e3-11ec-4f20-83ee-d3a0353e16ed,375212fb-bf06-4d8d-ae64-96dd4dc71bd8,-1037163327,Connie Hewitt,Liberty,TE,2025,
ef57d563-f404-4727-9c85-95f33a645dcf,d97896e5-df94-4942-84d6-4fa9e6159035,-1862435539,Dakotah Terrell,Missouri,TE,2025,
252a03fe-07c1-4bfe-a853-19ceab5aae93,41d08748-d31c-4741-9788-847eee5440fd,-1518901731,Drew Clemens,Utah,TE,2025,
9a70befd-0d58-4dd4-ad9a-6747621e1fb8,07224258-e70e-413c-9808-127170ee3b17,-1264220749,Jaden Landrum,,TE,2025,
ec63aa34-f3e6-4a8e-9dd1-a6f9d2e44a74,19fa4745-a1d7-4218-adb3-6e517549b24e,-20508847,Jaxon Shuttlesworth,,TE,2025,
1a67c1bb-1342-4e48-ab38-ce382ff2fa50,23b0acb6-c28b-4a30-a47a-6fe2182f8e56,-1474270932,Jesiah Cornwell,Washington State,TE,2025,
56080107-4f6b-431c-9b3c-efe7931a38d7,08930b8d-9c04-4e95-9ce6-0f9bd76d7ba8,-1396412533,Kaden Eggett,Utah Tech,TE,2025,
269826cd-7f1d-49a6-ad49-7ce92b0c1ec3,de978e9c-73e6-4415-b8df-b20161faf0c5,-552440468,Larry Benton,Vanderbilt,TE,2025,
366254f3-e221-46a2-9a5f-9eb40481bdea,68c14483-f5a0-4820-b12b-7ae09b56f693,-713398501,Manny Stevenson,,TE,2025,
69a6e0c1-0e54-4e97-a16a-03b5b081fbbe,075e0878-c43d-4dd8-9043-e18ed8a65d53,-1606467091,Matt Smith,,TE,2025,
e1e5ea73-ac7e-4fd6-bc3b-675d0d627cd8,ba88ffb2-7511-4460-81b7-64793f45325c,-1031388586,Parker Olthoff,,TE,2025,
24f1f7bb-0c6c-41ba-bb9a-74d9ee2df0da,49dcea92-4f05-4c58-aebe-df5e756ce02f,-1766815646,AJ Barber,,WR,2025,
a440d846-0a6d-4989-a4cf-709a1b95a212,ea29a0ef-6217-474f-b2d7-7d0d83469ad4,-1564959576,Akim Lanieux,Arizona State,WR,2025,
daba43d0-7906-45fb-9e81-3cc5956449c0,b16edae8-ca6c-49e5-8136-ff2db2a007d2,-1801447607,Alfred Jordan,Ohio,WR,2025,
59225d11-3804-4ffc-b436-8ee5ec01b855,dcffefe6-d390-4eba-a7f9-56896b501399,-790481215,Amare Ary,West Virginia State,WR,2025,
4b0e1359-26b5-4d25-af12-4c21b62176e8,d51457cd-43c0-493b-b0e9-d491bd395c5f,-1046439419,Ashton Schumann,Central Oklahoma,WR,2025,
4fee2768-031c-46df-b56e-09132dc87776,19a92ee3-7b6e-4f13-8396-bb5da525de73,-1937238701,Austin Bolt,Boise State,WR,2025,
f3420b65-fe4f-4842-8efb-d32c48298e7c,fabe4448-b927-4c7f-abfe-484fd1503b30,-1462757642,Brian Green,Georgia Southern,WR,2025,
573df9c7-51bd-42bc-bdf3-902d7cfcdde3,89e12a88-6e94-4e85-a610-b57c2b6ee00c,-17327002,Camron Heard,Oklahoma State,WR,2025,
f01edce2-3c7b-442b-a9e8-783c4296e917,fa26c2d4-ef0e-46db-8569-eecd0dbbb03c,-1841844948,Damari Jefferson,Western Kentucky,WR,2025,
545b9689-4e28-44be-9b23-c3c3982792b2,b99bdfe0-d988-4753-8eef-f04f958e7c15,-1351485394,David Washington,Kentucky,WR,2025,
0de15b44-7f65-41a2-87fb-318a841e2f62,6d66fca3-b9d2-4087-b77e-e6980baaec5f,-1924882615,Daylin Caamano,,WR,2025,
dd7f8481-dc3b-4d52-a0c2-bdccafd1d1b5,7200011f-db9e-4f99-aa4b-3625f04ee1b7,-778484556,DeAndre Moore,Texas,WR,2025,
cc603c39-4b6a-4f59-8c94-01a43480d56e,c3f9c6b3-0b30-4ac5-8c91-5fb4bf3c0bd2,-462415803,Dominick Collins,,WR,2025,
cf21e49f-6f22-42ad-95c5-1733be57ad50,3c27dc91-9bbb-4878-a596-19f174d28ab7,-1404609105,Dylan Lord,,WR,2025,
eb6d2d8b-6a21-42d5-905d-82840cef9d89,887e9b9d-dfdf-4d99-9c5c-7a89a537e0e7,-1248858695,Dyson Sims,Michigan State,WR,2025,
80318c4d-1bc7-4f29-80e2-b5f1872fff99,9a942162-c430-4adb-972e-4f92895f5642,-1048932822,Eddie Kasper,Illinois State,WR,2025,
fd4c4201-d26b-4885-bbad-4d00e4ddf677,16e7da63-f7ce-4a8c-a9c6-67003e48a8a1,-1190037723,Elizjah Lewis,Pace,WR,2025,
e5c8d83a-bfd6-4dd7-9fbb-5ca79a858103,b3988e3f-8665-4e84-a1b5-0142ca377034,-1916079018,Gekyle Baker,TCU,WR,2025,
31e7978f-0a81-40e4-824a-642538b5d5fd,ed96bbe0-9963-4cd4-96b4-615bafec796b,-754291860,Israel Hiraldo,,WR,2025,
4386e2c1-2330-4355-bf92-b5f17ccf16fc,a759bed4-6158-46fe-920f-11226b6b472a,-1395371844,Ja'Meer Thomas,Syracuse,WR,2025,
f30a6b0f-cff0-4088-8432-851289152802,1786d586-50d3-46f9-b8e5-691d127da0cb,-1763621895,Jace Petty,Arkansas,WR,2025,
08d4e32f-4356-4a8d-945a-c32a0b8eb290,1a05ee07-9ff8-4807-935a-4c918372cb0f,-1312339884,Jaden Perez,Oklahoma State,WR,2025,
164b1178-3916-4728-ad83-ee3f27ff3b8c,a044db61-566d-48d5-9d98-58dad28971db,-1304117463,Jamauri Brice,Georgia Tech,WR,2025,
b60baae6-c2aa-420f-b16b-4926dc041afd,5907747e-1f2e-4f05-bd8d-80c2c952d27b,-840187615,Jaylin Terzado,,WR,2025,
92713c36-4cc9-4212-8c33-f9bfed5e450d,fb9d098d-4ad3-4ba5-a2b0-963f414ae7be,-1969935129,Jenoa Alford,Massachusetts,WR,2025,
0b8de859-b8ff-46bb-b99e-cc8129661320,2ebcad53-f8d9-4a7a-925c-2b92fa41a90a,-270320579,Jessie Campbell,McNeese,WR,2025,
27a90374-f22b-496f-a7af-ed7ea0868342,d362730d-8821-4322-9c22-51a758ef1ada,-842931519,Jimmy Valsin,Oregon State,WR,2025,
9484b668-085f-4de9-86b4-42737cdda8e5,ee86bd3b-e661-4391-bf02-9dda84fb9357,-10225907,Kaleb Mitchell,Utah State,WR,2025,
49945eb1-1a6b-4646-9ce3-67d73303533d,694507c6-3685-4e46-ab26-62c253137af4,-1208705056,KD Dorsey,Georgia Southern,WR,2025,
d4728d68-1059-4d09-b404-82d3374b6ffa,343d9499-1b4f-474f-af9e-e64cc84a2fa2,-860030700,Kenari Wilcher,Florida A&M,WR,2025,
193cd2b8-8a16-424e-96a3-9b22e567b60e,276ad842-4c17-4fc3-affe-03590893bd5c,-145002652,Kevin Green,Washington,WR,2025,
2a98e209-38a3-49f3-8159-0b44324523e2,b1927d49-8654-47df-8330-896f7f1657c0,-734772728,Kevin Holmes,Texas A&M-Kingsville,WR,2025,
ade0a2bc-c814-41e1-97d8-3497651d2408,399d78fb-0cca-45d3-beb0-0c6684e52f7b,-1943334563,Khafre Brown,,WR,2025,
1e686cb3-cc43-4b17-b9f7-25d8508999ec,6007756e-75b1-4f6c-9e68-d9dd41659adf,-802619871,Kian Johnson,Temple,WR,2025,
29064699-7f3e-4beb-b89f-6116dcd00908,d51433ae-7db0-4711-8726-5311b02341d2,-666386996,Kolby Thomas,Louisiana Tech,WR,2025,
5d118a12-31bc-4fcd-9a18-9a197596f6d6,fb246d50-0ee3-48cf-8c7f-cc46fc64004a,-1204781499,Mac Owen,,WR,2025,
8f2cb32c-c06d-4af9-96e1-8d5a39a3f372,622a7c16-fe8e-4f86-93e0-b2575e18027c,-172258795,Micah Matthews,Virginia Tech,WR,2025,
0880c12e-f5dc-4548-bd80-5b44ed4234c8,7c9fb772-3e79-4fdd-9130-ec3fe0f8df75,-1716406043,Michael Phoenix,Sam Houston,WR,2025,
b276227b-705b-4531-936c-ce578422280d,702d318e-9fea-431c-8c2b-a48055ec22ab,-788651346,Mitchell January,,WR,2025,
9a62987e-5bdf-4c6c-b7f0-6b3b9c82e434,30fae636-c872-49b4-9927-8bef4ae1d41c,-208288578,Paul Billups,North Carolina,WR,2025,
e5d5424f-5501-4133-a597-c556a0b65ad7,ca867850-f485-4f3e-92a2-7e3bccf78a5e,-1758407275,Preztynn Harrison,Texas Tech,WR,2025,
8fdc8b77-3c42-42a6-8b7b-22063d92a3ff,69c9b0f7-2b87-4ac0-aa57-5ee02e391eac,-1821621214,Rodney Bullard,Michigan State,WR,2025,
2a1565e6-3ae0-4a9b-ae2f-5114cbcfcdca,18069a09-dc88-4f71-ba64-bc9beec071c7,-985510420,Sam Jackson,Oklahoma State,WR,2025,
535255d4-d6bb-4f25-8bf1-4518d4fb5a82,90c96294-a3a2-48e2-8ebf-c93e83266746,-320297082,Terry Lockett,Eastern Michigan,WR,2025,
c8c9758b-2cef-4dcf-866c-bfa87cc586f4,2c6d3617-b4ef-4735-bb58-0211b8e9e4e2,-16624301,Ti Mims,South Alabama,WR,2025,
5e4269a8-adee-47e6-a1e8-ff7c4bcb1a8e,7b701716-c04a-4194-b4d8-127dea61ea72,-741540437,Tim Grear,,WR,2025,
0edc09fa-d0a1-47de-adae-d95c0feb9610,1cd2f9a4-923f-41b9-90ee-08744b4ffbab,-710397200,Toric Goins,UTEP,WR,2025,
45d1b7a3-8a03-4c13-9fb1-49519f1dc859,100fad16-89cd-4a62-9208-bc418d5defbe,-1112977371,Trenton Cloud,East Carolina,WR,2025,
1f4976e1-6e33-4f16-b47b-636a131f2a48,f1964a73-8945-4a40-9daf-3ca2da602806,-72965515,Ty Doughty,Mercer,WR,2025,
1dc6799c-b91b-461f-822b-0c6f8e846bcf,94b8e375-fa8f-4161-bcfb-2acee3f9f86a,-393010968,Tyler Brown,North Texas,WR,2025,
8d5bdbf2-4fca-447e-9dd5-83b737021cb0,1461486a-7ba6-45d2-810f-8091e078ed31,-485127804,Tyler Williams,South Florida,WR,2025,
56df50a0-eeda-467d-a84a-d5319c0878d1,211c710b-f393-40e5-b612-0f98a613a883,-51894666,Zeed Haynes,,WR,2025,
